userId,movieId,rating,timestamp,tmdb_id
2,115713,3.5,1445714854,264660
2,122882,5.0,1445715272,76341
10,119145,1.0,1455302650,207703
10,129428,3.5,1455357384,268238
10,136020,5.0,1455302192,206647
10,137595,4.0,1455356898,264999
10,140110,5.0,1455356776,257211
15,115713,2.0,1510572009,264660
15,120466,2.5,1510573154,198184
15,122882,2.0,1510572126,76341
15,122886,5.0,1510572679,140607
15,122904,2.0,1510571949,293660
15,122922,2.0,1510572670,284052
15,122924,1.0,1510573305,246655
15,134130,4.0,1510571883,286217
15,134853,4.5,1510572481,150540
15,143385,3.0,1510572581,296098
15,152077,5.0,1510572535,333371
15,152081,3.0,1510578039,269149
15,160980,3.5,1510572512,363676
15,166528,5.0,1510572789,330459
15,166635,3.5,1510572516,274870
18,115713,4.5,1455051411,264660
18,119145,4.0,1457382413,207703
18,122886,4.0,1466366745,140607
18,122892,3.5,1457382463,99861
18,122900,4.0,1457382458,102899
18,122904,3.5,1460575806,293660
18,122918,4.0,1510946731,283995
18,122920,3.0,1468354075,271110
18,122924,4.0,1469816977,246655
18,128620,3.5,1502901639,320007
18,134130,4.5,1456693665,286217
18,134853,3.5,1469994968,150540
18,135569,3.5,1477849300,188927
18,139385,3.5,1473351954,281957
18,140289,4.0,1456859803,296313
18,141688,4.0,1478124485,276907
18,142488,4.5,1486643850,314365
18,148626,4.0,1484169587,318846
18,158238,4.0,1493930228,290250
18,158972,3.5,1511651100,374475
18,159093,3.5,1513378355,291805
18,160438,3.0,1473361651,324668
18,161582,4.0,1499631585,338766
18,162350,3.5,1482346781,333484
18,162606,3.5,1493142085,302946
18,164179,3.0,1517508124,329865
18,166015,3.5,1534786448,393764
18,166635,4.0,1502218032,274870
18,168252,4.0,1493155981,263115
18,171023,4.0,1505599943,425751
18,176101,3.5,1513110715,343668
18,177593,4.5,1534007386,359940
18,180095,3.0,1534698700,406997
21,111781,4.5,1439751899,177677
21,117529,4.0,1468113298,135397
21,119145,4.0,1468113211,207703
21,122882,3.5,1436989603,76341
21,122886,4.0,1452051525,140607
21,122892,3.5,1441392878,99861
21,122896,4.0,1452052163,166426
21,122900,3.5,1452052140,102899
21,122904,3.5,1483340695,293660
21,122922,4.0,1500701517,284052
21,126548,3.0,1500701836,272693
21,133419,3.0,1436989597,254470
21,134368,3.5,1436989206,238713
21,134853,4.0,1441392913,150540
21,135133,3.5,1452051811,131634
21,135861,0.5,1436989145,214756
21,135887,4.5,1436989124,211672
21,136016,3.0,1452051788,105864
21,136020,4.0,1452051829,206647
21,138036,3.5,1500701931,203801
21,139642,0.5,1441394002,307081
21,142536,2.5,1452051867,295964
21,143245,1.5,1452051514,309809
21,143385,4.0,1452051884,296098
21,152081,4.0,1500701826,269149
21,160565,1.0,1468113965,316727
21,164179,4.0,1500701551,329865
21,164909,3.5,1500702132,313369
21,167036,4.0,1483340756,335797
21,168248,3.5,1500701525,324552
21,168252,3.0,1500701559,263115
24,119145,4.0,1458941646,207703
24,122886,3.5,1458941967,140607
24,132660,4.0,1458976352,332340
24,134130,4.0,1458941964,286217
24,134853,4.0,1458941969,150540
24,139385,3.0,1458942069,281957
25,122912,5.0,1535470461,299536
25,122916,4.5,1535470504,284053
25,176371,4.0,1535470469,335984
25,177593,5.0,1535470532,359940
25,180095,5.0,1535470476,406997
25,187541,4.0,1535470472,260513
25,187593,5.0,1535470534,383498
30,122904,5.0,1500370440,293660
41,115713,0.5,1459367667,264660
41,122882,2.5,1458939623,76341
41,122904,0.5,1459367333,293660
41,128360,4.0,1459367507,273248
41,135887,3.0,1458943698,211672
41,138036,2.0,1459367656,203801
41,139385,4.0,1458943547,281957
41,140110,3.5,1458943809,257211
47,132424,2.5,1496205877,228205
47,137337,3.5,1496211359,331781
47,139385,0.5,1496210341,281957
47,140174,2.5,1496205483,264644
47,140247,1.0,1496209850,328425
47,140715,4.0,1496207354,277216
47,145839,3.5,1496210199,321741
47,146656,3.5,1496209516,312221
47,148626,3.0,1496209907,318846
47,160980,3.5,1496209791,363676
47,161582,3.5,1496208845,338766
47,163645,3.0,1496205601,324786
47,166643,3.0,1496205070,381284
49,122920,4.0,1493093016,271110
49,139385,4.5,1493093206,281957
49,168252,4.5,1493092998,263115
50,117529,1.5,1514842744,135397
50,122882,3.0,1514238776,76341
50,122898,0.5,1514240068,141052
50,122904,1.5,1514891080,293660
50,122918,1.0,1514239279,283995
50,127146,3.0,1514240116,319075
50,128360,2.5,1514239153,273248
50,128620,3.5,1518168132,320007
50,134170,2.5,1514239803,251516
50,135143,2.0,1514239413,259316
50,135887,1.0,1514239519,211672
50,136018,2.0,1514239847,261023
50,136020,2.0,1517954715,206647
50,136564,2.5,1518168246,225728
50,137857,2.0,1514239521,278927
50,138208,2.5,1514239906,285783
50,139385,2.5,1514239112,281957
50,139644,3.0,1527108261,273481
50,140928,2.5,1514239918,274479
50,142448,2.0,1527108368,253412
50,142602,1.0,1514240284,329263
50,142961,2.5,1518168348,277967
50,142997,2.0,1514239826,159824
50,143969,1.0,1514240057,318917
50,148626,3.0,1514239107,318846
50,149406,2.0,1514239641,140300
50,151759,2.5,1514240106,333377
50,152081,2.5,1514239052,269149
50,156607,1.0,1514240000,290595
50,158238,3.0,1514239478,290250
50,160569,1.0,1514240023,278154
50,164280,3.5,1529600343,325385
50,165969,3.5,1514891256,419546
50,168254,1.5,1514239909,293167
50,168492,3.5,1527108487,398818
50,170875,1.0,1514498060,337339
50,171701,3.5,1515615279,371859
50,172013,3.0,1514240413,391663
50,172461,3.0,1514240348,448448
50,174055,2.5,1518168647,374720
50,175661,1.5,1514240027,390043
50,176101,1.0,1514498012,343668
50,176371,3.0,1514239772,335984
50,188301,3.0,1533302277,363088
50,190183,3.5,1533302021,445651
52,119145,4.0,1468051301,207703
52,122882,5.0,1468051298,76341
52,122886,5.0,1468051179,140607
52,122900,5.0,1468051323,102899
52,122904,5.0,1468051176,293660
52,134130,5.0,1468051169,286217
52,134368,4.5,1468051467,238713
52,134853,5.0,1468051390,150540
52,152081,5.0,1468051170,269149
62,115713,4.0,1521489156,264660
62,122882,4.0,1521490340,76341
62,122886,4.0,1521488723,140607
62,122892,4.0,1521490136,99861
62,122896,3.5,1523047955,166426
62,122898,4.0,1523048682,141052
62,122900,3.5,1521490276,102899
62,122904,4.5,1521489917,293660
62,122912,4.0,1526028975,299536
62,122916,4.0,1521489045,284053
62,122918,4.0,1521488924,283995
62,122920,4.0,1521489966,271110
62,122922,4.5,1521489972,284052
62,122924,4.0,1525125413,246655
62,128360,5.0,1521489877,273248
62,128512,3.5,1523047259,286565
62,135133,3.5,1525637477,131634
62,135143,4.0,1521489754,259316
62,135518,3.5,1530471334,238615
62,135569,2.5,1521490167,188927
62,136020,4.5,1521490068,206647
62,137857,3.0,1523048818,278927
62,139385,4.0,1521489905,281957
62,140110,4.0,1522265901,257211
62,142222,4.0,1523048801,303991
62,143355,3.5,1521490047,297762
62,158238,4.0,1522190194,290250
62,158966,4.5,1526076371,334533
62,159093,3.5,1523047944,291805
62,161131,4.0,1521490226,308266
62,162606,4.0,1522190735,302946
62,164179,4.0,1521489143,329865
62,166528,4.5,1521489964,330459
62,166534,4.5,1521490038,381288
62,166635,3.5,1521490294,274870
62,168248,4.5,1523048794,324552
62,168250,4.0,1521490524,419430
62,168252,5.0,1521489970,263115
62,171763,4.0,1523048763,339403
62,173925,4.0,1523048625,406990
62,175303,4.0,1521490145,346364
62,175661,3.5,1523048611,390043
62,176371,4.0,1521488605,335984
62,179401,3.5,1528934530,353486
62,179819,3.5,1523048605,181808
62,182715,4.0,1521929626,300668
62,183611,4.0,1526244681,445571
62,184471,3.5,1528024895,338970
62,185031,4.5,1525946532,399360
62,187593,4.0,1527274071,383498
62,187595,4.0,1528934550,348350
63,111781,5.0,1443200278,177677
63,122892,4.0,1443200176,99861
63,134853,5.0,1443200486,150540
65,122904,3.0,1494767242,293660
67,152081,4.0,1501274150,269149
68,117529,4.0,1526948395,135397
68,119145,4.0,1526947645,207703
68,122882,5.0,1526948311,76341
68,122886,4.5,1526947547,140607
68,122904,4.0,1526947540,293660
68,122918,3.5,1526947569,283995
68,122922,3.0,1526947686,284052
68,134130,5.0,1526947541,286217
68,135143,4.0,1526947551,259316
68,139385,3.0,1526948372,281957
68,142488,4.5,1526947627,314365
68,152081,3.0,1526947710,269149
68,164179,3.5,1526947647,329865
68,166528,4.5,1526947652,330459
68,166635,3.0,1526947538,274870
68,168252,4.0,1526947535,263115
68,176371,3.5,1526947590,335984
73,119145,4.5,1464282948,207703
73,122892,5.0,1464282953,99861
73,122904,4.5,1464196265,293660
73,126548,2.5,1464198475,272693
73,127202,4.0,1464196565,308369
73,128520,3.5,1464198597,252838
73,131013,3.5,1464198460,257091
73,134368,4.0,1464197537,238713
73,134853,4.0,1464196486,150540
73,138036,2.5,1464196603,203801
73,138204,4.0,1464197862,287689
73,140110,4.0,1464196591,257211
73,152081,5.0,1464196315,269149
89,127134,3.5,1520409574,232572
89,128520,2.5,1520408901,252838
89,129354,5.0,1520408802,256591
89,130520,2.0,1520408586,228161
89,131013,2.5,1520408908,257091
89,131826,3.5,1520408951,320996
89,132496,4.5,1520409189,256924
89,135887,4.5,1520408722,211672
89,139640,5.0,1520409330,326215
89,140711,3.5,1520408959,261392
89,141544,2.5,1520408842,310135
89,142550,4.5,1520409140,315841
89,146684,5.0,1520409464,367326
89,147410,5.0,1520409171,321751
89,149352,1.5,1520408895,274167
89,149406,4.0,1520408477,140300
89,156025,5.0,1520409144,387893
89,157296,5.0,1520409109,127380
89,158238,3.5,1520408854,290250
89,160567,2.0,1520408839,316023
89,161131,2.5,1520408741,308266
89,164200,4.5,1520408827,332210
89,167018,2.5,1520408863,356305
89,167380,4.5,1520409150,381289
89,167854,4.5,1520409087,423122
89,174681,3.5,1520408962,460822
89,176805,4.0,1520409006,390407
89,177765,2.0,1520408282,354912
89,181065,4.0,1520408963,479269
98,122904,3.5,1532457779,293660
98,122912,5.0,1532457477,299536
98,122916,5.0,1532457746,284053
98,122918,4.0,1532457746,283995
98,134130,4.5,1532457755,286217
98,134853,2.0,1532457748,150540
98,135143,2.5,1532457800,259316
98,152077,4.5,1532458398,333371
98,164179,5.0,1532457417,329865
98,168250,4.5,1532457987,419430
98,177765,5.0,1532457474,354912
98,179819,3.0,1532457961,181808
98,187541,4.0,1532457789,260513
98,187593,5.0,1532457913,383498
103,111781,4.0,1440773645,177677
103,117529,4.0,1440773703,135397
103,122882,4.0,1431970494,76341
103,122886,2.5,1477364372,140607
103,132046,1.0,1440773794,158852
103,134853,3.5,1440773774,150540
103,134881,5.0,1440773409,271714
103,139642,3.5,1440773846,307081
103,140715,4.5,1440773817,277216
103,148626,5.0,1477364363,318846
103,168250,3.0,1522172079,419430
105,119145,4.0,1447580027,207703
105,120466,4.0,1447580051,198184
105,122882,4.0,1446572456,76341
105,122904,4.0,1466024382,293660
105,127098,4.5,1526207796,321594
105,134170,4.0,1446610801,251516
105,134853,4.0,1446571650,150540
105,138036,4.0,1447580030,203801
105,143511,5.0,1526206951,359364
105,152081,4.5,1466024376,269149
105,152591,4.0,1526207741,365222
105,158402,2.5,1526208164,380111
105,163134,4.5,1526206894,372058
105,163645,4.5,1526206935,324786
105,170411,4.0,1526207357,444706
105,179133,5.0,1526207351,339877
111,119145,5.0,1516141107,207703
111,122882,4.0,1516143259,76341
111,122896,3.5,1516152736,166426
111,122900,3.0,1518661474,102899
111,122904,5.0,1516141018,293660
111,122918,4.0,1516140666,283995
111,126548,4.5,1516153550,272693
111,127116,4.5,1517017782,309299
111,127152,4.5,1518812549,318224
111,128520,5.0,1517440323,252838
111,129354,2.5,1516151775,256591
111,130520,4.5,1516152612,228161
111,131013,5.0,1516152809,257091
111,131826,4.0,1516156316,320996
111,133419,3.5,1516152351,254470
111,134368,5.0,1516151386,238713
111,134853,2.5,1516140998,150540
111,135436,2.5,1516153517,328111
111,135861,2.0,1516152286,214756
111,135887,3.5,1516151589,211672
111,136018,2.5,1516152695,261023
111,136598,4.0,1516153520,296099
111,140110,4.5,1516141864,257211
111,140715,4.5,1518640686,277216
111,142422,4.5,1516153547,296100
111,148626,5.0,1516141184,318846
111,148956,4.5,1516153382,259694
111,149352,4.0,1517441156,274167
111,152081,2.5,1516140736,269149
111,155509,4.5,1516156390,333385
111,157296,4.5,1516151381,127380
111,157699,4.5,1516152764,302401
111,158813,2.5,1516153857,241259
111,159093,4.5,1516141954,291805
111,159161,4.5,1517441228,396292
111,159755,1.5,1516154500,341012
111,160271,5.0,1516152850,302699
111,160289,4.5,1518812627,377462
111,160567,4.5,1516154665,316023
111,161024,4.5,1517441197,404022
111,161131,4.5,1516141918,308266
111,161580,4.5,1516153346,376659
111,162344,5.0,1516154577,376482
111,162602,4.5,1516153304,346685
111,165103,4.0,1516154574,331313
111,165483,4.0,1517441316,421854
111,165843,4.0,1517439943,393561
111,166461,4.5,1516151400,277834
111,166534,0.5,1516141946,381288
111,167018,4.5,1516141949,356305
111,167036,4.0,1516153691,335797
111,167634,4.5,1516153933,345922
111,167746,3.5,1516468575,324849
111,168248,4.0,1516141936,324552
111,168326,4.0,1517440858,416477
111,168418,4.5,1516153655,295693
111,168632,4.0,1517441031,437752
111,168846,4.5,1516154968,435351
111,170357,4.0,1517440967,444705
111,170399,4.0,1516153478,417644
111,170813,4.0,1516153444,339846
111,170957,3.0,1517440869,260514
111,171251,4.0,1518812389,430830
111,171891,3.5,1517440199,447818
111,172547,4.0,1516154838,324852
111,173255,2.5,1517440897,456193
111,176101,4.0,1516154835,343668
111,178323,3.5,1518812200,472424
111,179953,3.5,1518640589,431530
111,180265,4.5,1518661395,469019
111,181065,3.5,1517440756,479269
111,182749,2.5,1517440678,487156
111,183197,3.5,1517440660,488223
111,183227,3.5,1517440658,494368
111,183959,4.5,1517440654,497520
111,184015,3.5,1518640587,433310
114,122882,3.0,1485388142,76341
114,122886,2.5,1485388121,140607
114,122904,3.5,1485387872,293660
114,127198,3.5,1485387585,308639
114,141718,5.0,1485387538,323373
114,152081,3.5,1485387499,269149
114,167732,3.5,1485387617,404378
119,111781,4.0,1450612021,177677
119,115713,4.0,1440277383,264660
119,119145,4.0,1445850607,207703
119,122882,4.0,1442647731,76341
119,122904,4.5,1468093264,293660
119,128620,3.5,1448742203,320007
119,129354,4.0,1459195875,256591
119,130520,3.5,1438452592,228161
119,131714,4.0,1447664459,308504
119,134853,4.0,1455448380,150540
119,135532,4.5,1459195778,274854
119,135861,3.0,1448652763,214756
119,135887,4.0,1447664578,211672
119,136562,3.5,1459195741,321697
119,136598,5.0,1459195916,296099
119,138036,4.5,1450536964,203801
119,138210,5.0,1499021338,300671
119,139385,4.0,1468432442,281957
119,139642,4.0,1505073229,307081
119,140711,1.5,1459195688,261392
119,142488,4.5,1468093246,314365
119,148626,5.0,1468093256,318846
119,157699,4.5,1505072383,302401
119,162350,4.5,1505072367,333484
119,165551,4.5,1505072429,334543
119,166461,4.0,1505072348,277834
119,168252,4.5,1505073384,263115
122,117529,4.0,1461561277,135397
122,119145,4.5,1461561499,207703
122,120466,5.0,1461562139,198184
122,121231,5.0,1461562536,270303
122,122882,5.0,1461561216,76341
122,122886,5.0,1461561194,140607
122,122900,4.0,1461561662,102899
122,128360,5.0,1461561234,273248
122,134130,4.0,1461561189,286217
122,134170,4.0,1461561257,251516
122,134368,3.5,1461561251,238713
122,139385,5.0,1461561218,281957
122,144976,4.5,1461561286,294963
122,152077,4.0,1461561222,333371
122,152081,4.0,1461561191,269149
125,117466,3.5,1474425049,205775
125,119145,4.0,1474570052,207703
125,120466,3.0,1475407828,198184
125,122882,4.5,1474283369,76341
125,122890,3.5,1481392791,68735
125,122892,3.0,1474414820,99861
125,122904,4.5,1474283798,293660
125,122918,3.5,1494785239,283995
125,122922,4.0,1480789759,284052
125,127096,4.0,1474432471,227719
125,127198,4.0,1474591366,308639
125,127202,4.0,1474626817,308369
125,128360,4.0,1474284240,273248
125,128620,4.0,1476224234,320007
125,130490,3.0,1474414778,262500
125,133771,3.5,1474295446,254320
125,134130,4.0,1474283297,286217
125,134170,4.0,1474413228,251516
125,135143,3.5,1480789755,259316
125,135436,3.5,1475361905,328111
125,135887,3.0,1474414799,211672
125,137857,3.5,1480789748,278927
125,138036,4.0,1474283878,203801
125,139385,3.0,1474284127,281957
125,139855,3.5,1480790078,291270
125,140928,3.5,1478197237,274479
125,141408,4.0,1475174917,273477
125,141544,4.0,1474374637,310135
125,142222,4.0,1475147204,303991
125,142422,4.0,1475361892,296100
125,142456,4.5,1474295630,330764
125,142509,4.5,1474295566,325348
125,143355,3.5,1513697325,297762
125,148626,3.5,1474424812,318846
125,148956,3.0,1476002354,259694
125,149146,4.0,1475264558,282070
125,149830,4.5,1474295465,58431
125,151455,4.0,1485622301,319888
125,151695,4.0,1474836315,329004
125,152077,4.0,1474425167,333371
125,152081,4.0,1474289567,269149
125,152083,4.0,1481392782,279641
125,152970,4.0,1481392558,371645
125,155064,2.5,1485508707,301365
125,155509,4.0,1476313973,333385
125,156371,4.0,1474469682,295699
125,156387,3.5,1476903871,369557
125,158238,4.0,1474425213,290250
125,158783,4.0,1489005130,290098
125,158966,4.5,1474295426,334533
125,158972,3.5,1494785115,374475
125,159415,4.0,1476903864,347031
125,159717,3.5,1478197208,318121
125,160271,3.5,1476903881,302699
125,160567,3.5,1480790359,316023
125,161131,3.5,1480789738,308266
125,161580,3.5,1481393033,376659
125,161582,4.0,1494785040,338766
125,161634,2.5,1474414524,300669
125,161966,4.0,1481486017,337674
125,162082,3.5,1474569053,396535
125,162350,3.5,1483633893,333484
125,162578,3.0,1477574933,313297
125,163134,4.0,1495649423,372058
125,163645,4.0,1494785105,324786
125,164179,3.5,1480789721,329865
125,164909,4.0,1489005105,313369
125,166461,4.0,1489005099,277834
125,166528,3.0,1485508572,330459
125,166635,4.0,1513697360,274870
125,167746,4.0,1513774320,324849
125,168250,4.0,1494785011,419430
125,168252,3.5,1494785017,263115
125,168266,4.0,1495649436,180863
125,171763,5.0,1513697215,339403
125,174055,3.0,1513697168,374720
125,175303,3.0,1513697368,346364
125,176371,3.5,1513697172,335984
139,122886,4.0,1453924027,140607
139,122892,2.0,1453925315,99861
141,115713,4.5,1513133067,264660
141,122904,5.0,1513129876,293660
141,134853,4.5,1513130586,150540
141,139385,4.0,1513133075,281957
148,122882,4.0,1482548529,76341
148,122886,3.5,1482548686,140607
148,122920,3.5,1482548707,271110
148,134853,4.0,1482548516,150540
148,152081,4.0,1482548452,269149
148,157296,3.0,1482548671,127380
148,160718,4.5,1482548446,399106
152,115713,4.5,1450867608,264660
153,122892,0.5,1525552631,99861
153,134853,2.0,1525552523,150540
153,140174,4.5,1525549527,264644
153,142488,3.5,1525549599,314365
153,143969,3.0,1525549539,318917
153,152270,3.5,1525551506,330348
153,158966,4.5,1525549128,334533
153,166461,2.0,1525552615,277834
153,168492,4.5,1525548280,398818
153,172547,0.5,1525553047,324852
153,173145,0.5,1525553026,281338
153,174055,1.5,1525549020,374720
153,175303,0.5,1525553022,346364
153,177615,3.0,1525548868,391713
153,177765,1.5,1525548495,354912
153,179709,3.0,1525549496,429189
153,179819,0.5,1525553024,181808
153,180095,4.0,1525548200,406997
153,184471,0.5,1525553051,338970
154,119145,5.0,1486297139,207703
154,122892,5.0,1486297180,99861
154,122900,5.0,1486297182,102899
154,122904,5.0,1486297099,293660
154,130634,0.5,1486297255,168259
154,152081,4.5,1486297016,269149
154,157296,2.5,1486297276,127380
154,164179,4.5,1486297008,329865
159,140110,4.5,1508641026,257211
159,157296,4.5,1508641197,127380
159,166643,5.0,1508640188,381284
184,117895,1.0,1537107397,294254
184,119145,5.0,1537099589,207703
184,122892,3.5,1537099659,99861
184,122898,2.0,1537109736,141052
184,122900,4.0,1537099857,102899
184,122906,4.0,1537109979,284054
184,122912,5.0,1537110034,299536
184,122916,4.5,1537109712,284053
184,122918,4.5,1537109379,283995
184,122920,4.5,1537107779,271110
184,122922,4.5,1537108247,284052
184,127152,4.0,1537099611,318224
184,127212,4.5,1537099621,308032
184,136562,5.0,1537107367,321697
184,142488,4.5,1537107284,314365
184,143355,2.5,1537109441,297762
184,148626,5.0,1537107674,318846
184,157369,4.0,1537107596,327536
184,157699,3.5,1537108194,302401
184,161594,3.5,1537107946,390734
184,162968,4.0,1537107747,357786
184,163134,3.5,1537107916,372058
184,163645,4.5,1537108184,324786
184,164179,5.0,1537108076,329865
184,164917,4.5,1537108221,407806
184,165635,1.0,1537108232,419639
184,165639,4.0,1537108004,413279
184,166291,5.0,1537108204,378064
184,168090,4.0,1537107995,362584
184,168218,4.5,1537108257,362585
184,168250,4.5,1537109117,419430
184,170813,2.0,1537109401,339846
184,170907,4.0,1537107881,385805
184,171763,4.5,1537109198,339403
184,174055,4.0,1537109477,374720
184,175585,3.5,1537109451,339692
184,176101,3.5,1537109645,343668
184,176371,4.5,1537109683,335984
184,177285,3.0,1537109182,413594
184,177939,4.5,1537109367,430214
184,178111,2.0,1537109624,431819
184,178827,5.0,1537109847,346648
184,179401,2.5,1537109900,353486
184,180297,4.5,1537109213,371638
184,180497,4.5,1537109959,446354
184,180985,3.0,1537109917,316029
184,180987,1.5,1537109864,364689
184,181413,4.5,1537109726,482004
184,189333,4.0,1537110051,353081
184,191005,4.5,1537109489,432985
184,193573,4.0,1537099811,333623
184,193581,4.0,1537109082,432131
184,193583,3.5,1537109545,445030
184,193587,3.5,1537110021,483455
196,134130,4.5,1460954008,286217
196,142488,5.0,1460954012,314365
205,179817,4.5,1519901378,399404
209,122886,3.5,1524607732,140607
209,140956,3.5,1524522239,333339
209,177593,4.5,1524522248,359940
209,185029,1.5,1524522232,447332
210,122886,5.0,1473705500,140607
210,122900,4.5,1517173101,102899
210,122904,3.5,1527266145,293660
210,122906,4.5,1537632293,284054
210,122916,4.5,1537632280,284053
210,122918,5.0,1513943744,283995
210,122924,4.0,1527266073,246655
210,134130,4.5,1473881905,286217
210,135143,4.5,1517086938,259316
210,135887,4.0,1533667275,211672
210,150596,4.5,1527266133,371759
210,166528,4.5,1527266080,330459
210,177765,5.0,1537632257,354912
210,179511,4.0,1537632338,337556
210,179819,4.5,1527266081,181808
210,180031,4.0,1537649775,399055
212,119145,4.0,1490121268,207703
212,122882,3.5,1490114906,76341
212,122886,3.5,1490121260,140607
212,122892,4.0,1523217028,99861
212,122896,3.5,1528479617,166426
212,122904,3.5,1490115094,293660
212,122906,3.0,1527795017,284054
212,122916,4.5,1527795013,284053
212,122918,4.0,1523216822,283995
212,122920,3.0,1523216927,271110
212,122922,4.0,1523216918,284052
212,127202,3.0,1490115213,308369
212,128360,3.5,1523217341,273248
212,134130,4.0,1490115570,286217
212,135143,4.5,1527796007,259316
212,135861,2.0,1490121492,214756
212,138036,3.5,1490203078,203801
212,140715,3.5,1490203232,277216
212,143355,4.0,1523217342,297762
212,146656,3.5,1490121301,312221
212,152077,3.0,1490114942,333371
212,152081,3.0,1490114901,269149
212,152970,4.5,1490114735,371645
212,156387,4.0,1490115642,369557
212,157296,3.5,1527796047,127380
212,159415,2.5,1490115228,347031
212,161922,3.5,1490115667,376660
212,162578,4.0,1490115515,313297
212,163645,4.5,1512504071,324786
212,166461,4.0,1523217279,277834
212,166528,4.0,1523216799,330459
212,168250,2.5,1527794903,419430
212,168252,4.5,1523217270,263115
212,168254,3.0,1528479504,293167
212,168366,4.0,1527795993,321612
212,170697,4.5,1528479350,400928
212,171763,4.5,1523217247,339403
212,174909,4.5,1527794983,399170
212,175303,4.0,1525808735,346364
212,176101,3.0,1527796034,343668
212,177593,5.0,1527794935,359940
212,179401,4.0,1527794999,353486
212,180031,4.0,1527794972,399055
212,180985,4.5,1532361970,316029
212,182823,4.0,1528479490,400106
212,183897,5.0,1532361617,399174
212,188751,4.5,1532362151,458423
227,115713,4.0,1447210268,264660
227,122882,4.0,1447189591,76341
227,134130,4.5,1447189563,286217
227,134853,4.5,1447189572,150540
233,115713,1.0,1529333395,264660
233,122882,2.5,1448815951,76341
233,122904,3.0,1529333424,293660
233,122912,2.0,1536181594,299536
233,122920,2.0,1529333366,271110
233,134214,3.0,1529333384,310593
233,134853,4.5,1448815901,150540
233,162600,1.5,1529333376,283366
233,168266,3.5,1532964867,180863
233,174055,2.5,1529333325,374720
233,177593,5.0,1524781384,359940
233,178061,3.0,1529333300,389015
233,180031,3.5,1529333261,399055
233,183011,1.5,1529333314,399035
233,183897,3.5,1536181590,399174
233,187593,2.5,1536968163,383498
241,134853,3.5,1447536054,150540
247,115713,5.0,1467644193,264660
247,122882,2.0,1467644132,76341
247,122886,3.5,1467644155,140607
247,122904,3.0,1467645455,293660
247,134130,4.0,1467644102,286217
247,134853,4.0,1467644103,150540
247,139385,5.0,1467646385,281957
247,142488,5.0,1467674319,314365
247,152081,4.0,1467645450,269149
248,122896,4.0,1534592058,166426
248,122904,4.5,1534599910,293660
248,122912,4.0,1534591940,299536
248,122916,3.5,1534591650,284053
248,122918,4.0,1534591646,283995
248,122922,4.0,1534592029,284052
248,135133,3.5,1534592083,131634
248,159093,4.5,1534591665,291805
248,164179,3.0,1534592261,329865
248,166528,3.0,1534591681,330459
248,176371,2.5,1534591786,335984
248,177765,2.0,1534602188,354912
248,187593,4.5,1534599909,383498
248,189333,3.5,1534602181,353081
249,111781,4.0,1443795275,177677
249,115713,4.5,1432300710,264660
249,117529,3.5,1437392009,135397
249,117895,3.5,1450680733,294254
249,119145,4.5,1431251823,207703
249,120466,3.5,1440367455,198184
249,122882,5.0,1432061318,76341
249,122886,4.5,1450633617,140607
249,122890,4.0,1476630468,68735
249,122892,4.5,1430482813,99861
249,122900,4.0,1448821736,102899
249,122904,4.5,1456691890,293660
249,122906,4.5,1526507705,284054
249,122912,4.5,1526833006,299536
249,122916,4.5,1517617217,284053
249,122918,4.5,1496533199,283995
249,122920,4.5,1462746881,271110
249,122922,4.5,1487029404,284052
249,122924,4.0,1463928984,246655
249,128360,4.5,1452379591,273248
249,129354,4.5,1425894209,256591
249,134130,4.0,1445246629,286217
249,134368,4.0,1447717312,238713
249,134853,4.5,1444383901,150540
249,135133,4.0,1465160389,131634
249,135569,4.0,1483829838,188927
249,135887,3.5,1444654340,211672
249,137857,4.5,1462121824,278927
249,138036,4.5,1451084271,203801
249,138204,4.0,1437317078,287689
249,139385,5.0,1531611509,281957
249,140711,3.0,1447719752,261392
249,140715,4.0,1453758490,277216
249,142422,3.5,1462136212,296100
249,142488,4.5,1516415602,314365
249,143355,4.5,1505472592,297762
249,143367,3.0,1484212944,68730
249,148626,4.5,1517020997,318846
249,149352,3.5,1462214611,274167
249,152077,4.0,1469969083,333371
249,152081,4.5,1514325516,269149
249,152970,4.5,1518993126,371645
249,157296,4.0,1483883652,127380
249,158238,4.5,1476462200,290250
249,159093,4.0,1472595896,291805
249,159755,4.0,1537293483,341012
249,160718,4.5,1516049647,399106
249,160954,3.0,1477259840,328387
249,161131,4.0,1479071238,308266
249,162606,3.5,1496533192,302946
249,164179,5.0,1498299950,329865
249,166528,5.0,1484239767,330459
249,166534,4.5,1506179972,381288
249,166643,4.5,1516049201,381284
249,167746,4.0,1504979314,324849
249,168252,5.0,1496591029,263115
249,168254,4.0,1506270630,293167
249,168266,4.0,1486944823,180863
249,169984,4.0,1504390008,126889
249,170813,3.0,1531598491,339846
249,170875,3.0,1505164817,337339
249,171763,4.5,1506864057,339403
249,173941,3.0,1512327683,341013
249,175569,4.5,1531598502,395834
249,176101,4.0,1506596042,343668
249,176371,4.5,1507756688,335984
249,179819,4.5,1514315792,181808
249,182715,4.0,1521854896,300668
249,182823,3.5,1514315776,400106
249,184015,3.5,1518883048,433310
249,185029,4.5,1537293500,447332
249,187593,5.0,1531611534,383498
252,122886,4.0,1498284797,140607
252,122896,3.0,1498284070,166426
252,122922,4.0,1498283957,284052
252,134853,5.0,1498283693,150540
252,137857,3.5,1498284442,278927
252,143355,4.0,1498283807,297762
252,152081,4.0,1498283951,269149
252,162578,5.0,1498284431,313297
252,164179,5.0,1498283716,329865
252,164909,4.0,1498283782,313369
252,166461,3.0,1498284139,277834
252,166528,3.5,1498284126,330459
252,166643,4.0,1498284578,381284
252,168418,4.0,1498284880,295693
256,115713,4.5,1446581099,264660
256,117529,4.0,1446999941,135397
256,122882,4.0,1446999818,76341
256,126548,4.5,1446999970,272693
256,127096,3.5,1446999968,227719
256,127202,4.5,1446999810,308369
256,130520,3.5,1446999954,228161
256,131656,3.5,1446999931,263109
256,132046,4.0,1446999965,158852
256,134130,4.5,1446579780,286217
256,134368,3.0,1447532480,238713
256,135887,4.5,1446999957,211672
258,122886,0.5,1534892582,140607
258,122904,5.0,1534892524,293660
258,122916,3.0,1534892505,284053
258,122918,3.5,1534892501,283995
272,119145,4.0,1532266319,207703
272,122922,2.0,1532266238,284052
272,134853,2.5,1533566182,150540
272,148626,4.5,1537470612,318846
272,158238,4.0,1537475893,290250
272,177765,5.0,1533490600,354912
279,115713,5.0,1506394815,264660
279,119145,4.0,1506394589,207703
279,122882,4.5,1506394843,76341
279,122886,3.5,1506394378,140607
279,122904,4.0,1506395212,293660
279,122920,3.0,1506395715,271110
279,134130,3.0,1506394834,286217
279,139385,5.0,1506395112,281957
279,140174,3.5,1506395833,264644
279,148626,3.5,1506395504,318846
279,152077,3.0,1506395003,333371
279,158238,3.0,1506395413,290250
279,160438,2.0,1506395556,324668
279,161582,4.0,1506395645,338766
279,164179,4.0,1506395001,329865
279,166528,3.5,1506395297,330459
279,168248,4.0,1506394781,324552
279,168252,4.0,1506394744,263115
279,175303,5.0,1506396013,346364
282,134130,4.0,1514068388,286217
282,139385,4.5,1514068476,281957
291,122892,4.0,1453051417,99861
291,122904,5.0,1464369746,293660
291,134853,1.0,1464369772,150540
292,119145,4.0,1483193792,207703
292,122882,2.5,1454616762,76341
292,122900,4.0,1483193822,102899
292,129937,1.5,1454616747,241554
292,130490,3.5,1453675779,262500
292,130576,2.0,1483193614,245703
292,135133,4.0,1453675897,131634
292,164909,2.5,1513546420,313369
292,165549,1.5,1513546429,334541
292,166528,4.0,1483193709,330459
296,160848,4.5,1532994055,337703
296,166528,2.0,1532994077,330459
296,169034,4.5,1532994043,394269
296,171765,3.5,1532993908,387426
296,180031,3.5,1532993920,399055
298,115713,2.5,1476641575,264660
298,117529,3.0,1447599845,135397
298,119145,3.5,1447599254,207703
298,120466,3.0,1450452667,198184
298,122882,3.0,1447518261,76341
298,122886,4.0,1452692094,140607
298,122892,3.5,1447584738,99861
298,122900,3.0,1450441424,102899
298,122904,3.0,1458649352,293660
298,122920,3.0,1466276315,271110
298,122924,1.5,1476643275,246655
298,126548,2.0,1476628377,272693
298,127098,3.0,1447584684,321594
298,127108,2.0,1458977485,167073
298,127198,3.0,1458649574,308639
298,127202,3.0,1467489440,308369
298,128512,0.5,1458649792,286565
298,129354,0.5,1478816371,256591
298,131013,1.5,1458650081,257091
298,132046,0.5,1453033069,158852
298,133771,3.0,1478816114,254320
298,134130,3.5,1450369253,286217
298,134170,4.0,1450453115,251516
298,134368,1.0,1467489221,238713
298,134783,2.0,1458650075,188222
298,135861,1.5,1458650077,214756
298,136020,2.5,1458649784,206647
298,138036,2.0,1458649553,203801
298,139385,3.0,1458649519,281957
298,139642,2.0,1458649771,307081
298,139644,2.0,1458649533,273481
298,140110,1.0,1458649558,257211
298,140174,2.0,1466276306,264644
298,140711,0.5,1478816387,261392
298,141688,3.0,1458649757,276907
298,142536,1.5,1458649798,295964
298,149352,0.5,1466277933,274167
298,156371,3.5,1466277191,295699
298,158238,2.0,1478816375,290250
305,115713,5.0,1460303337,264660
305,117529,3.0,1460134878,135397
305,117895,2.5,1460134934,294254
305,120466,3.5,1460366614,198184
305,122882,2.0,1460134157,76341
305,122886,3.0,1460134130,140607
305,122892,3.0,1460134192,99861
305,122900,3.5,1460134469,102899
305,122904,5.0,1460134128,293660
305,122912,4.5,1534613120,299536
305,122916,4.5,1524812262,284053
305,122918,3.5,1518198315,283995
305,122920,4.0,1518198433,271110
305,128360,3.5,1460134165,273248
305,131013,3.5,1460366117,257091
305,131796,4.0,1460134782,304357
305,132796,2.5,1460134956,254128
305,133419,3.5,1460134914,254470
305,134130,3.0,1460134123,286217
305,134214,3.0,1460134466,310593
305,134368,3.5,1460134222,238713
305,134853,2.0,1460134155,150540
305,135861,4.0,1460134943,214756
305,136020,3.0,1460134883,206647
305,138210,3.0,1519551278,300671
305,139385,3.0,1460134160,281957
305,139644,3.5,1460223585,273481
305,140110,4.0,1460134184,257211
305,140627,5.0,1522099191,332270
305,140956,4.5,1533043577,333339
305,142448,3.0,1460134242,253412
305,142488,3.0,1460134123,314365
305,143385,4.0,1518768278,296098
305,143969,4.5,1461353230,318917
305,145418,4.0,1460134224,294016
305,148626,3.0,1511719886,318846
305,158238,3.5,1519560242,290250
305,158783,0.5,1518197696,290098
305,160400,3.0,1519591667,267192
305,160565,4.5,1494085428,316727
305,160954,3.0,1534716084,328387
305,161131,3.5,1535145839,308266
305,163645,4.0,1512203731,324786
305,163985,4.5,1494169748,410199
305,164179,4.0,1518198307,329865
305,166528,3.0,1518198335,330459
305,168252,4.5,1490211220,263115
305,168266,3.5,1530817805,180863
305,173925,4.5,1534633433,406990
305,174055,4.0,1518198605,374720
305,175303,3.0,1518767976,346364
305,177763,2.5,1519393119,392044
305,180031,3.0,1521100564,399055
305,185585,2.5,1531480381,268896
305,187593,5.0,1532877841,383498
306,121231,3.0,1518380574,270303
306,122884,2.0,1518327323,280092
306,122904,3.0,1518381003,293660
306,122918,3.0,1518380421,283995
306,130520,3.0,1518380804,228161
306,133419,4.0,1518380314,254470
306,134368,5.0,1518380228,238713
306,134853,4.0,1518380200,150540
306,135436,3.5,1518380730,328111
306,136016,4.5,1518381248,105864
306,140110,3.0,1518380163,257211
306,142997,3.5,1518380518,159824
306,148956,2.5,1518380888,259694
306,149334,3.0,1518380372,340666
306,152077,2.5,1518380603,333371
306,152081,4.0,1518380219,269149
306,156726,3.0,1518327275,376570
306,157296,4.0,1518380392,127380
306,158528,2.5,1518380909,332567
306,158813,3.0,1518380883,241259
306,159858,4.0,1518327380,259693
306,161580,3.5,1518380859,376659
306,161634,3.5,1518327218,300669
306,164200,3.5,1518380898,332210
306,166461,4.0,1518380328,277834
306,166534,4.0,1518327356,381288
306,167018,2.5,1518380526,356305
306,168250,3.0,1518327021,419430
306,168418,3.5,1518381253,295693
306,175199,4.0,1518380703,396422
306,175303,4.0,1518380362,346364
306,177765,4.0,1518327001,354912
306,183295,3.5,1518327334,406563
318,122882,3.0,1438361831,76341
318,122886,3.0,1451394515,140607
318,122906,4.0,1532881156,284054
318,127114,4.0,1447871076,249688
318,128360,3.0,1456621336,273248
318,133771,3.5,1484772685,254320
318,133802,4.5,1437381725,223485
318,134170,3.0,1448378884,251516
318,134214,4.0,1451995959,310593
318,134796,5.0,1446924961,321109
318,134853,4.5,1459035862,150540
318,134881,4.0,1451996031,271714
318,135143,4.5,1512681753,259316
318,137337,4.0,1441533964,331781
318,138036,3.0,1453137056,203801
318,140162,4.5,1450717949,292431
318,140816,4.5,1447159376,308084
318,142456,3.5,1501360248,330764
318,143355,3.5,1512681939,297762
318,148626,4.5,1451562440,318846
318,150696,4.5,1535036639,371492
318,152065,3.5,1482683226,336808
318,155774,3.5,1482750332,314029
318,158238,4.5,1507743266,290250
318,158842,3.5,1502206771,359871
318,158972,4.0,1507743283,374475
318,159976,4.5,1536246869,245913
318,162578,4.0,1525426774,313297
318,165969,4.5,1481320859,419546
318,166528,4.0,1512681910,330459
318,168492,4.0,1518991964,398818
318,168612,3.5,1511041378,315837
318,173197,4.0,1511907927,401246
318,173291,2.0,1511907895,339964
318,176371,4.5,1517345856,335984
318,177593,4.5,1516826106,359940
318,182715,3.5,1536152628,300668
318,188675,3.5,1535035470,483184
318,188833,4.5,1535035971,297725
318,189381,2.5,1536097988,500475
319,122886,3.5,1461351728,140607
319,122904,3.5,1461352191,293660
319,137857,3.5,1461454255,278927
319,139385,4.5,1461352186,281957
319,152081,4.5,1461351517,269149
326,117466,4.5,1463936555,205775
326,133771,5.0,1463936463,254320
326,134130,4.0,1463936029,286217
326,139385,5.0,1463936078,281957
326,142448,4.0,1463936449,253412
326,142488,4.5,1463936064,314365
326,146656,3.5,1463936216,312221
328,111781,3.5,1494211634,177677
328,122886,2.5,1494211056,140607
328,128360,3.0,1494212023,273248
328,134130,3.5,1494211615,286217
328,134853,3.0,1494210904,150540
328,135569,3.5,1494211342,188927
328,148626,4.0,1494212145,318846
328,152081,2.0,1494207217,269149
328,165101,0.5,1494211391,207932
328,166643,4.0,1494207209,381284
331,115713,5.0,1537158030,264660
331,119145,3.5,1537158214,207703
331,122882,5.0,1537157973,76341
331,122904,5.0,1537157961,293660
331,134130,4.0,1537157864,286217
331,164179,2.5,1537158234,329865
331,177765,4.0,1537157585,354912
331,183897,4.0,1537157590,399174
331,187593,4.0,1537235394,383498
338,122912,1.5,1530148370,299536
338,122916,1.0,1530148466,284053
338,175569,1.5,1530148469,395834
338,176371,1.0,1530148373,335984
338,177593,5.0,1530148460,359940
338,177765,2.5,1530148369,354912
338,183897,1.5,1530148463,399174
338,185029,1.0,1530148471,447332
338,187541,1.0,1530148375,260513
338,187593,1.0,1530148465,383498
338,190215,1.5,1530148477,479871
339,111781,4.0,1460518426,177677
339,122904,2.0,1460868414,293660
339,127108,4.0,1460183998,167073
339,128360,4.5,1481945332,273248
339,134130,4.5,1460518845,286217
339,134853,5.0,1460183474,150540
339,136562,3.0,1460183732,321697
339,139385,4.0,1460185562,281957
339,141749,4.0,1460185594,306819
339,141890,3.0,1460185575,283587
339,142448,4.0,1460518643,253412
339,143385,4.0,1460518660,296098
339,148626,4.5,1488326700,318846
339,157699,3.5,1481945488,302401
339,164179,3.5,1506987497,329865
339,164909,5.0,1494291540,313369
339,165549,4.0,1500506228,334541
339,166643,4.0,1507760159,381284
339,166946,4.5,1504908952,310307
339,174055,5.0,1507760155,374720
339,176371,4.5,1507502471,335984
339,176751,5.0,1506987433,337170
341,115713,4.0,1440970020,264660
341,117529,4.0,1439751048,135397
341,119145,4.0,1522174570,207703
341,134853,4.0,1446895888,150540
341,135887,4.0,1440871979,211672
341,136020,4.5,1522174614,206647
352,115713,4.5,1493674289,264660
352,117529,3.0,1493920235,135397
352,119145,4.0,1493674412,207703
352,122882,3.5,1493674251,76341
352,122904,2.5,1493674280,293660
352,128360,4.0,1493674689,273248
352,130490,2.0,1493675273,262500
352,130634,1.0,1493675191,168259
352,134130,5.0,1493674140,286217
352,135133,4.0,1493674839,131634
352,135143,4.0,1493931961,259316
352,135569,4.0,1493932113,188927
352,139385,5.0,1493674538,281957
352,152077,4.0,1493675263,333371
352,164179,3.0,1493674742,329865
352,166528,4.5,1493675059,330459
362,161127,4.0,1530638451,325789
362,165101,3.5,1530637926,207932
362,175303,3.5,1530637462,346364
363,122918,5.0,1502584592,283995
363,168250,4.0,1502584469,419430
363,168252,4.0,1502584462,263115
363,176389,2.0,1502584409,335777
365,120466,2.5,1489796871,198184
365,122904,3.5,1489017279,293660
365,122922,3.0,1489016514,284052
365,129354,2.5,1488333351,256591
365,131013,3.0,1489016669,257091
365,134130,3.5,1488332624,286217
365,134368,3.0,1488594849,238713
365,135436,2.5,1489016507,328111
365,135569,2.5,1489016788,188927
365,135861,5.0,1488333481,214756
365,135887,1.5,1489796877,211672
365,136598,3.5,1489716230,296099
365,138210,1.5,1489796760,300671
365,140711,3.5,1489016772,261392
365,142222,1.5,1489796758,303991
365,142422,5.0,1488673223,296100
365,145935,1.5,1489796981,227973
365,146656,3.0,1488858009,312221
365,148626,2.5,1488332872,318846
365,149352,2.5,1489016613,274167
365,155288,1.5,1489796751,333352
365,155820,3.5,1488945263,342521
365,157699,3.0,1489796760,302401
365,159093,4.0,1489016738,291805
365,159858,0.5,1488945273,259693
365,160954,1.5,1489796765,328387
365,162606,2.0,1489796755,302946
366,122882,2.0,1445546624,76341
380,111781,4.0,1508437710,177677
380,117529,3.0,1494804737,135397
380,119145,5.0,1493420508,207703
380,122882,4.0,1494803849,76341
380,122886,4.0,1493423194,140607
380,122892,5.0,1493474014,99861
380,122898,3.0,1536872751,141052
380,122900,5.0,1493474123,102899
380,122904,5.0,1493419946,293660
380,122906,3.5,1536872699,284054
380,122912,5.0,1526165814,299536
380,122916,5.0,1509403737,284053
380,122918,5.0,1496617026,283995
380,122920,5.0,1493419810,271110
380,122922,5.0,1493423214,284052
380,122924,3.0,1495476114,246655
380,130490,3.0,1508109696,262500
380,130634,3.0,1508109656,168259
380,134853,5.0,1493420282,150540
380,135143,4.0,1493473809,259316
380,135569,4.0,1493474245,188927
380,136020,4.0,1508109524,206647
380,137863,4.0,1536875272,303857
380,140247,3.5,1508436875,328425
380,140956,3.0,1534176158,333339
380,141544,4.0,1508436765,310135
380,143355,3.0,1501787005,297762
380,148626,3.0,1502232183,318846
380,150596,4.0,1508436816,371759
380,152081,5.0,1508108671,269149
380,158238,5.0,1502138902,290250
380,160438,3.0,1508200574,324668
380,160954,3.0,1501787240,328387
380,161131,3.5,1508436071,308266
380,161354,3.0,1536873639,382322
380,161634,3.5,1508200749,300669
380,162598,3.5,1509058984,296524
380,163056,4.0,1501787178,315011
380,164179,4.0,1494278593,329865
380,164909,4.0,1495475873,313369
380,165639,4.0,1508436531,413279
380,166528,5.0,1493419871,330459
380,166946,4.0,1508436212,310307
380,167746,5.0,1508436102,324849
380,168248,5.0,1501786943,324552
380,168252,5.0,1493419798,263115
380,168254,4.0,1508200864,293167
380,169982,3.0,1508110353,305470
380,169984,2.0,1494635338,126889
380,171763,4.0,1508109046,339403
380,173145,5.0,1536873837,281338
380,173291,2.0,1508110319,339964
380,176101,3.0,1508110310,343668
380,176371,4.0,1508022982,335984
380,176935,2.0,1536872838,274855
380,179119,4.0,1536872796,402897
380,179401,4.0,1536872717,353486
380,179819,0.5,1536872721,181808
380,182823,3.0,1536872823,400106
380,184471,3.0,1536872748,338970
380,187593,3.0,1531351193,383498
380,187595,4.0,1536872728,348350
380,188301,4.0,1534123382,363088
382,117529,4.0,1515173182,135397
382,122882,5.0,1515249400,76341
382,122900,3.5,1515161909,102899
382,122920,4.0,1515161931,271110
382,126482,3.0,1515248933,302429
382,130634,3.5,1515162979,168259
382,130686,3.0,1515248368,293970
382,131714,3.5,1515171293,308504
382,135143,4.0,1515162207,259316
382,135436,3.5,1515171402,328111
382,135532,3.5,1515248824,274854
382,137857,4.0,1515149008,278927
382,152079,3.5,1515172074,267860
382,160980,4.0,1515162521,363676
382,165101,3.5,1515248217,207932
382,166528,4.5,1515161559,330459
393,122892,5.0,1430505834,99861
400,122886,4.5,1498870389,140607
400,134130,4.0,1498870437,286217
400,164179,4.5,1498870217,329865
400,168252,4.0,1498870221,263115
401,122918,4.5,1510450699,283995
401,134853,4.0,1510450386,150540
401,152081,4.0,1510449426,269149
401,157296,3.0,1510455649,127380
401,162578,3.5,1514346967,313297
401,166461,3.5,1510450416,277834
401,167036,3.0,1510450729,335797
401,170939,3.5,1515871732,268531
408,111781,5.0,1467379824,177677
408,119145,2.0,1467879084,207703
408,122900,5.0,1467371588,102899
408,122904,3.5,1489793600,293660
408,132046,2.5,1467371813,158852
408,134130,4.0,1467910494,286217
408,136020,4.0,1468145393,206647
408,138036,5.0,1467546645,203801
408,152077,4.0,1485814582,333371
408,165101,4.0,1485814541,207932
408,166528,4.0,1485815184,330459
413,128360,3.0,1484440311,273248
414,115713,4.5,1485656424,264660
414,117529,3.5,1525562381,135397
414,119145,4.0,1522624524,207703
414,122882,5.0,1485656726,76341
414,122886,3.5,1489537024,140607
414,122900,3.5,1519593454,102899
414,122904,4.0,1485656101,293660
414,122906,4.0,1527977892,284054
414,122916,4.0,1522624761,284053
414,122918,4.0,1513958808,283995
414,122922,3.5,1519593462,284052
414,127108,5.0,1519593248,167073
414,127130,4.0,1519593351,309245
414,128360,4.0,1519593261,273248
414,133771,4.5,1525557511,254320
414,134130,5.0,1485656565,286217
414,134853,4.5,1485656561,150540
414,137857,4.0,1485656126,278927
414,139385,5.0,1519593286,281957
414,139644,4.5,1519593218,273481
414,140174,4.5,1511540882,264644
414,140715,4.0,1525562956,277216
414,140928,4.5,1513958722,274479
414,142488,5.0,1511535975,314365
414,142509,3.0,1511541327,325348
414,143355,4.5,1511535813,297762
414,143385,4.0,1513959196,296098
414,148626,5.0,1485656568,318846
414,152081,4.0,1485656079,269149
414,152970,4.5,1511535970,371645
414,157699,4.0,1519593368,302401
414,158238,4.0,1485656116,290250
414,159717,4.0,1511541249,318121
414,160438,2.5,1485656169,324668
414,160980,3.5,1519593256,363676
414,161131,3.5,1519593456,308266
414,161582,5.0,1519593196,338766
414,161922,3.0,1519593253,376660
414,162350,2.5,1513958742,333484
414,162578,4.5,1489548476,313297
414,163645,4.0,1511541266,324786
414,164179,4.0,1489548268,329865
414,165549,4.5,1489548471,334541
414,166528,4.0,1485656093,330459
414,166568,4.0,1511535810,376290
414,166635,4.0,1519593386,274870
414,166643,4.0,1489548480,381284
414,168252,4.0,1511535789,263115
414,168326,5.0,1511535794,416477
414,168612,4.0,1519593076,315837
414,169992,3.5,1514242062,334521
414,171763,5.0,1511535821,339403
414,171765,4.0,1511535838,387426
414,173197,4.5,1511541655,401246
414,173205,4.0,1521847441,396398
414,174055,5.0,1511535784,374720
414,175569,4.0,1515207413,395834
414,175661,3.0,1527977909,390043
414,176371,5.0,1511535779,335984
414,176423,4.0,1525548591,432976
414,176751,4.0,1521844173,337170
414,177593,4.5,1521844144,359940
414,177615,4.5,1521844149,391713
414,178061,4.0,1521844167,389015
414,179817,4.0,1525562730,399404
414,179819,4.5,1513958832,181808
414,180031,4.0,1519592584,399055
414,180045,4.0,1515207301,396371
414,180497,4.0,1525548614,446354
414,180985,3.5,1527978072,316029
414,187595,3.5,1527977920,348350
417,115713,5.0,1529284018,264660
417,122904,4.0,1529283969,293660
417,168250,3.0,1529285245,419430
417,187541,3.0,1530384925,260513
418,111781,0.5,1461867797,177677
418,127108,4.5,1461867780,167073
418,136020,0.5,1461867802,206647
418,137337,4.0,1461867778,331781
418,140174,4.5,1461865604,264644
418,156387,4.0,1461865635,369557
424,115713,4.5,1477010019,264660
433,164179,5.0,1506823915,329865
433,174055,1.5,1506823913,374720
441,122886,4.5,1451166640,140607
448,111781,2.0,1437765440,177677
448,115713,3.0,1450298411,264660
448,117466,2.5,1479834986,205775
448,117529,2.5,1462209122,135397
448,117895,1.0,1476616373,294254
448,119145,3.5,1456167046,207703
448,120466,2.0,1453584364,198184
448,122882,3.0,1460909750,76341
448,122886,3.5,1450464170,140607
448,122890,1.5,1490814279,68735
448,122892,3.0,1454948403,99861
448,122900,3.5,1473446107,102899
448,122904,4.0,1483989092,293660
448,122920,3.0,1486936046,271110
448,122924,2.0,1498162906,246655
448,127096,2.5,1448976148,227719
448,127136,2.5,1467660810,245706
448,127198,2.5,1471463552,308639
448,128520,3.0,1450210315,252838
448,129354,3.0,1451771581,256591
448,129428,2.5,1459192248,268238
448,129657,1.0,1462213497,290764
448,129659,3.5,1473508483,228203
448,129937,2.0,1458423103,241554
448,130083,2.0,1465066042,228968
448,130576,3.0,1482948824,245703
448,131013,2.0,1456147797,257091
448,131714,1.5,1460395876,308504
448,132046,2.0,1460208835,158852
448,132796,1.5,1461954152,254128
448,133365,2.0,1465066061,306482
448,133419,3.0,1460403925,254470
448,133545,1.0,1459512439,258099
448,134130,4.0,1475668748,286217
448,134158,1.5,1459596384,333381
448,134368,3.0,1471809278,238713
448,134853,4.0,1494080359,150540
448,134859,3.5,1467458600,307931
448,134881,4.0,1472153260,271714
448,135518,2.0,1470249128,238615
448,135569,2.5,1469050657,188927
448,135861,4.0,1466434592,214756
448,135887,2.5,1473969899,211672
448,136020,3.0,1456147804,206647
448,136562,3.0,1477767407,321697
448,136598,1.5,1472294254,296099
448,136786,1.5,1478374712,317744
448,136816,2.5,1451771590,309887
448,137857,3.0,1483386370,278927
448,138036,2.0,1474657854,203801
448,138208,3.5,1443733663,285783
448,138210,3.5,1479834963,300671
448,139385,3.5,1482166656,281957
448,139415,3.0,1467397459,282984
448,139642,3.0,1465727277,307081
448,139857,1.5,1485806308,318781
448,140110,2.5,1478196739,257211
448,140525,1.5,1482590020,290751
448,140928,3.0,1480196795,274479
448,141422,2.5,1475668765,245168
448,142222,3.0,1490451226,303991
448,142448,3.0,1472492996,253412
448,142536,2.0,1473962172,295964
448,142997,2.5,1476465026,159824
448,143257,2.5,1461356507,330112
448,143385,3.5,1478982940,296098
448,143410,2.0,1474224802,316042
448,144620,2.5,1480004475,257445
448,145150,3.0,1476465033,298382
448,145839,2.5,1481141173,321741
448,146688,2.0,1472820632,339527
448,148482,3.0,1484418166,300693
448,148956,2.5,1483284375,259694
448,149406,3.0,1483989104,140300
448,149590,2.5,1464975088,344041
448,150401,3.0,1471897318,325173
448,150604,2.5,1492962436,272548
448,151315,1.5,1478982951,323675
448,151777,3.0,1479931510,300673
448,152077,2.5,1485785274,333371
448,152083,3.0,1488023561,279641
448,152085,2.5,1499107829,258363
448,155659,4.0,1490814265,315664
448,155820,1.5,1498162858,342521
448,156607,1.5,1487366119,290595
448,157122,3.0,1489778727,353326
448,157200,2.5,1489610313,303858
448,157270,2.5,1496425063,326423
448,157296,4.0,1495392372,127380
448,157340,2.5,1487874911,153518
448,158813,1.5,1487534510,241259
448,159193,3.0,1498162957,339397
448,159690,2.0,1490638075,308531
448,160271,2.5,1493574706,302699
448,160438,2.0,1498162889,324668
448,160573,3.0,1494084533,294272
448,162828,2.5,1490979956,374617
448,164753,2.0,1489862782,379990
448,165139,2.0,1495290834,406992
448,169180,2.5,1496592295,381064
459,122922,5.0,1520233452,284052
459,177765,5.0,1520232994,354912
462,122882,2.5,1455645572,76341
462,127136,4.0,1453171735,245706
462,134214,4.0,1478402160,310593
462,139644,3.5,1501297582,273481
462,140928,2.5,1472697787,274479
462,142488,4.5,1455645198,314365
462,143355,2.0,1500380988,297762
462,146656,4.5,1455645343,312221
462,148626,3.5,1518931134,318846
462,158966,4.5,1488684180,334533
462,160644,5.0,1472957474,340611
462,161127,3.5,1514777413,325789
462,162414,5.0,1478489531,376867
462,164179,4.0,1484458421,329865
462,164655,2.0,1478402051,392820
462,164917,4.5,1484542705,407806
462,167064,5.0,1486955414,411019
462,168250,5.0,1488169576,419430
462,171763,4.5,1499144915,339403
462,173145,2.0,1502594866,281338
462,179813,4.0,1536467407,353575
462,184721,4.0,1533519112,458737
462,187717,5.0,1529413865,490003
462,188189,4.5,1533519140,424781
462,189713,2.5,1536467299,487558
471,158966,4.5,1496669549,334533
471,168252,4.5,1496669544,263115
475,115713,4.5,1498029541,264660
475,122882,4.5,1498030594,76341
475,122886,4.5,1498029776,140607
475,122892,4.0,1498030976,99861
475,122904,5.0,1498029411,293660
475,122918,3.0,1498029920,283995
475,122920,3.5,1498029495,271110
475,122922,4.5,1498029469,284052
475,135133,4.0,1498031436,131634
475,139385,4.0,1498031081,281957
475,152081,4.5,1498029487,269149
475,166528,4.0,1498029848,330459
475,168252,3.5,1498029617,263115
491,129354,4.0,1526673901,256591
491,140110,4.0,1526762922,257211
491,170697,4.0,1526762786,400928
491,180231,4.0,1523207493,419680
495,117529,3.5,1458634708,135397
495,122882,4.5,1458634764,76341
495,122886,4.5,1458634629,140607
495,122904,5.0,1458634621,293660
495,127098,5.0,1458636675,321594
495,127198,4.0,1458634669,308639
495,132796,1.0,1458634739,254128
495,134130,5.0,1458634616,286217
495,134368,4.0,1458634677,238713
495,136562,4.5,1458634688,321697
495,139385,5.0,1458634761,281957
495,139642,4.0,1458634702,307081
495,139644,4.0,1458634649,273481
495,140247,5.0,1458634683,328425
495,140523,3.5,1458634732,298312
495,140715,5.0,1458637035,277216
495,142488,5.0,1458634614,314365
495,146656,5.0,1458634661,312221
495,148626,5.0,1458634623,318846
497,131739,3.0,1429127171,321528
509,117529,3.5,1435996029,135397
509,122892,4.0,1435997969,99861
509,130073,4.0,1435997996,150689
509,133419,5.0,1435997941,254470
511,115713,4.5,1450094121,264660
511,119145,4.0,1522154770,207703
511,122882,4.0,1522156034,76341
511,122916,4.0,1522155897,284053
511,127202,4.0,1450094131,308369
511,134130,4.0,1450094078,286217
511,139385,5.0,1522156030,281957
511,164179,4.0,1522154765,329865
514,115713,3.0,1533949071,264660
514,122900,2.0,1533872826,102899
514,122906,2.0,1533874486,284054
514,128360,3.0,1533948973,273248
514,134130,4.0,1533872649,286217
514,140956,3.0,1533946119,333339
514,142488,4.0,1536456306,314365
514,148626,4.0,1533948677,318846
514,158830,2.5,1534087215,267935
514,159093,4.0,1533954152,291805
514,160571,3.0,1533945298,345911
514,165103,3.5,1534651337,331313
514,167018,3.0,1536377595,356305
514,168250,2.5,1535804894,419430
514,169984,2.0,1533874748,126889
514,175303,3.0,1533874664,346364
514,177763,2.5,1533874498,392044
514,179401,4.0,1533947052,353486
514,179819,2.0,1533874318,181808
514,180985,3.0,1533874505,316029
514,184471,3.0,1533946968,338970
514,184931,4.0,1533945092,395990
514,185029,4.0,1533874028,447332
514,185033,2.0,1533947134,419831
514,185473,3.0,1533946240,437557
514,185585,3.0,1537065408,268896
514,186587,3.0,1533946102,427641
514,187031,2.5,1537674927,351286
514,187593,3.5,1537150726,383498
514,187595,3.0,1537674946,348350
514,188797,4.0,1535941279,455980
515,122916,5.0,1513602061,284053
515,122918,5.0,1513602063,283995
515,168250,4.5,1513602056,419430
515,168252,5.0,1513602058,263115
515,174055,4.0,1513602053,374720
515,175569,4.0,1513678313,395834
515,176371,5.0,1513602051,335984
515,179819,4.0,1513602093,181808
517,131656,2.5,1487956081,263109
517,135143,3.5,1487966240,259316
517,136020,1.0,1487958095,206647
517,137857,5.0,1487953582,278927
517,152037,1.0,1487958429,348089
517,160980,2.5,1488101314,363676
517,162590,1.0,1487966316,95610
517,164909,1.0,1487953651,313369
517,165489,2.5,1487958674,413770
517,167746,1.0,1492339167,324849
519,140110,4.0,1518479757,257211
522,127098,5.0,1449724921,321594
523,122904,5.0,1503126157,293660
523,134130,3.5,1503133609,286217
523,152081,4.5,1503126170,269149
523,168252,5.0,1503126125,263115
525,117529,3.5,1476476206,135397
525,119145,4.5,1476475993,207703
525,122882,4.5,1476475970,76341
525,122886,4.0,1476475870,140607
525,122892,2.0,1476476098,99861
525,122900,3.5,1476476113,102899
525,122904,3.5,1476475826,293660
525,122920,3.5,1476476765,271110
525,127164,3.5,1476477337,318044
525,133419,2.5,1476478375,254470
525,134130,4.0,1476476461,286217
525,134248,3.0,1476477344,318256
525,134853,4.0,1476475988,150540
525,137337,2.5,1476477228,331781
525,142488,3.5,1476476169,314365
525,142997,3.5,1476478201,159824
525,146682,4.0,1476480355,324325
525,148667,3.5,1476477605,367735
525,152037,3.0,1476478508,348089
525,152081,3.0,1476475864,269149
525,157296,3.0,1476478221,127380
525,159849,2.5,1476478403,400608
525,164540,3.5,1476480017,411009
526,128620,5.0,1502138891,320007
526,134130,4.5,1502133565,286217
526,151455,2.5,1502132474,319888
533,119145,5.0,1424753539,207703
533,127096,5.0,1424753554,227719
534,111781,4.0,1459787996,177677
534,117529,3.5,1459787998,135397
534,119145,4.5,1459787998,207703
534,122882,3.0,1459787998,76341
534,122886,3.5,1459787995,140607
534,122892,3.5,1459787998,99861
534,122900,3.0,1459787996,102899
534,122904,5.0,1459787995,293660
534,130520,4.0,1459787998,228161
534,130634,4.0,1459787996,168259
534,132046,4.5,1459787996,158852
534,132796,2.5,1459788826,254128
534,133419,2.5,1459787996,254470
534,134130,3.0,1459787995,286217
534,134775,2.0,1459787995,300168
534,134853,3.5,1459787996,150540
534,135532,2.0,1459787995,274854
534,138036,3.5,1459787996,203801
534,144734,4.5,1459787995,218784
534,164367,5.0,1487277900,375366
548,122904,3.0,1494879789,293660
548,168712,1.0,1494880185,341174
549,122924,5.0,1464282681,246655
549,158813,1.0,1464282672,241259
550,115713,4.5,1488728279,264660
550,122882,4.0,1488728591,76341
550,122892,4.0,1488728390,99861
550,122904,5.0,1488728439,293660
550,134130,4.0,1488728584,286217
551,117529,1.0,1504925998,135397
551,122918,4.0,1504321057,283995
551,134130,4.5,1504925803,286217
551,135143,3.0,1504320996,259316
551,135569,4.5,1504926108,188927
551,136020,4.5,1504926009,206647
551,159093,4.0,1504926025,291805
551,165549,1.0,1504925224,334541
551,166528,5.0,1504317370,330459
551,166568,5.0,1504925492,376290
551,166643,4.0,1504316474,381284
551,168252,3.0,1504316486,263115
551,170697,4.0,1504316481,400928
556,122890,4.0,1534321026,68735
556,162600,4.0,1534321200,283366
556,187031,4.0,1534321194,351286
557,134130,3.5,1452934442,286217
560,122882,4.0,1469648716,76341
560,122886,4.0,1469647302,140607
560,122890,3.5,1469677869,68735
560,122904,3.0,1469647296,293660
560,128360,3.5,1469647417,273248
560,130576,2.0,1469647568,245703
560,133771,4.0,1469649529,254320
560,134130,4.0,1469647282,286217
560,134853,3.5,1469647901,150540
560,136018,3.0,1469647551,261023
560,136020,2.5,1469647583,206647
560,139385,2.5,1469647349,281957
560,139644,4.0,1469647338,273481
560,141866,4.0,1469653431,313922
560,148626,4.5,1469647293,318846
560,148881,4.0,1469649386,303867
560,152077,4.0,1469647368,333371
560,154975,4.0,1470252660,383809
560,155288,3.5,1469647379,333352
561,111781,3.0,1491091303,177677
561,122882,4.5,1491091283,76341
561,122886,4.0,1491090863,140607
561,122900,3.5,1491091319,102899
561,122904,2.0,1491095067,293660
561,122920,3.5,1491095413,271110
561,122922,2.5,1491095400,284052
561,130520,1.0,1491091721,228161
561,134130,3.5,1491092329,286217
561,134853,3.0,1491090885,150540
561,135569,3.5,1491091121,188927
561,136020,2.5,1491094553,206647
561,138036,4.0,1491094445,203801
561,139385,3.5,1491092337,281957
561,146656,3.5,1491095479,312221
561,149406,3.5,1491091520,140300
561,160438,2.0,1491091498,324668
561,164179,3.5,1491090772,329865
561,166528,4.0,1491095045,330459
561,168174,3.0,1491095811,432959
563,117529,3.5,1439932810,135397
563,119145,4.0,1446840998,207703
563,126548,3.0,1441844933,272693
563,129354,3.0,1448058689,256591
563,132660,3.5,1448058604,332340
563,134368,4.5,1446840975,238713
563,134853,4.0,1439932791,150540
563,135887,3.5,1439932776,211672
564,119145,4.0,1478451929,207703
564,128520,5.0,1481817955,252838
564,129354,3.5,1478454813,256591
564,131013,4.0,1481817852,257091
564,134368,3.5,1478452356,238713
564,135861,3.0,1478453981,214756
564,136598,4.0,1478452276,296099
564,138036,3.5,1478452262,203801
564,140110,3.5,1481817415,257211
564,140711,4.0,1481817674,261392
564,143257,3.5,1478454848,330112
564,148626,3.5,1478454171,318846
564,149352,4.0,1478451528,274167
564,151315,4.0,1478454407,323675
564,152083,3.0,1478452425,279641
564,155509,2.0,1478453940,333385
564,158238,3.5,1481817691,290250
564,159093,4.0,1478452345,291805
564,160271,3.5,1478454414,302699
567,111781,2.5,1525287910,177677
567,117529,2.0,1525288550,135397
567,117895,0.5,1525289976,294254
567,119145,3.0,1525286707,207703
567,122882,4.0,1525283831,76341
567,122892,2.0,1525288574,99861
567,122898,2.0,1525288625,141052
567,122900,3.0,1525287128,102899
567,122906,1.5,1525285295,284054
567,122912,3.0,1525282047,299536
567,122916,3.0,1525285052,284053
567,122918,3.5,1525286124,283995
567,122920,2.5,1525287982,271110
567,122922,3.0,1525287154,284052
567,122924,1.5,1525289135,246655
567,130490,0.5,1525289970,262500
567,130576,2.5,1525288139,245703
567,134130,3.0,1525287673,286217
567,134170,4.5,1525283474,251516
567,134853,2.0,1525284843,150540
567,135133,1.5,1525289234,131634
567,135288,3.0,1525287014,280996
567,135436,1.5,1525288957,328111
567,135569,2.5,1525287932,188927
567,135887,0.5,1525290039,211672
567,136016,1.0,1525289494,105864
567,136020,1.0,1525289344,206647
567,138036,3.0,1525287186,203801
567,139385,3.0,1525287401,281957
567,139644,3.5,1525286553,273481
567,140174,3.0,1525287476,264644
567,141668,0.5,1525290011,323272
567,141866,3.0,1525286842,313922
567,141890,3.0,1525286967,283587
567,142448,2.5,1525287922,253412
567,142488,2.5,1525288188,314365
567,142507,2.5,1525287886,245698
567,143355,1.5,1525289285,297762
567,143367,4.5,1525283150,68730
567,143385,1.0,1525289405,296098
567,144620,1.5,1525289058,257445
567,145839,1.5,1525288886,321741
567,146656,3.5,1525286374,312221
567,148626,3.0,1525287694,318846
567,148881,5.0,1525282206,303867
567,149406,2.0,1525287844,140300
567,150254,2.0,1525288247,354216
567,151315,0.5,1525289652,323675
567,151455,2.0,1525288343,319888
567,151687,0.5,1525289907,335778
567,152071,1.5,1525289151,323677
567,152077,3.0,1525287438,333371
567,152079,0.5,1525289708,267860
567,152081,2.5,1525288098,269149
567,155288,3.5,1525286154,333352
567,156605,4.5,1525283448,370755
567,156607,0.5,1525289987,290595
567,156726,0.5,1525289771,376570
567,157200,2.0,1525288352,303858
567,157296,1.5,1525289076,127380
567,159093,1.0,1525289321,291805
567,160438,1.5,1525288657,324668
567,160980,2.0,1525288321,363676
567,161582,0.5,1525289956,338766
567,161634,3.0,1525287236,300669
567,162606,1.0,1525289360,302946
567,163645,3.0,1525286890,324786
567,164179,4.0,1525284805,329865
567,164909,3.0,1525287647,313369
567,166291,3.0,1525286994,378064
567,166461,0.5,1525288081,277834
567,166526,1.0,1525289450,365942
567,166528,1.0,1525289624,330459
567,166534,2.5,1525287859,381288
567,166643,2.0,1525288399,381284
567,166705,3.0,1525286691,393457
567,167746,3.5,1525285822,324849
567,168250,2.0,1525288599,419430
567,168252,4.0,1525283936,263115
567,168418,2.0,1525288615,295693
567,174055,3.5,1525285048,374720
567,176371,5.0,1525282063,335984
567,176419,3.0,1525287581,381283
567,177765,1.5,1525282058,354912
567,178827,3.5,1525285951,346648
567,179491,1.0,1525290389,429733
567,179749,1.5,1525288705,396493
567,179815,1.5,1525289006,413362
567,179819,2.0,1525285301,181808
567,180031,4.0,1525284143,399055
567,180985,1.0,1525285297,316029
567,182823,1.0,1525289422,400106
567,183897,3.5,1525282061,399174
581,134130,4.0,1447007291,286217
582,122886,4.5,1463474276,140607
582,134130,4.0,1446792676,286217
583,133419,4.0,1481474578,254470
586,111781,4.5,1529899852,177677
586,122886,5.0,1529899311,140607
586,122890,4.0,1529903431,68735
586,122896,5.0,1529899587,166426
586,122900,4.5,1529899562,102899
586,122904,4.0,1529899267,293660
586,122906,5.0,1529899365,284054
586,122912,4.5,1529899171,299536
586,122916,4.5,1529899181,284053
586,122918,5.0,1529899134,283995
586,122920,5.0,1529899316,271110
586,122922,5.0,1529899308,284052
586,122924,4.5,1529903346,246655
586,130520,4.5,1529899897,228161
586,134130,2.5,1529899322,286217
586,134853,5.0,1529903054,150540
586,135133,5.0,1529899369,131634
586,135436,4.5,1529899792,328111
586,135569,4.0,1529899534,188927
586,149406,5.0,1529903200,140300
586,152081,5.0,1529903052,269149
586,160438,5.0,1529899576,324668
586,162606,4.0,1529903150,302946
586,166461,5.0,1529899305,277834
586,166528,4.5,1529899283,330459
586,166643,3.5,1529903061,381284
586,167036,4.0,1529899529,335797
586,168252,5.0,1529899336,263115
586,168418,5.0,1529900261,295693
586,173145,4.0,1529899377,281338
586,173291,4.5,1529899830,339964
586,176371,2.5,1529899177,335984
586,177765,4.0,1529899170,354912
586,179819,5.0,1529899531,181808
586,187593,4.0,1529899179,383498
586,187595,5.0,1529899556,348350
596,111781,3.5,1535827475,177677
596,119145,3.0,1535627438,207703
596,122882,5.0,1535708481,76341
596,122886,4.5,1535708493,140607
596,122892,3.0,1535709830,99861
596,122898,3.5,1535711652,141052
596,122900,3.5,1535709687,102899
596,122904,4.0,1535709074,293660
596,122906,5.0,1535708624,284054
596,122912,4.0,1535627215,299536
596,122916,5.0,1535627433,284053
596,122918,4.0,1535627355,283995
596,122920,3.5,1535709553,271110
596,122922,3.5,1535709443,284052
596,122924,2.5,1535711539,246655
596,133645,4.0,1535828766,258480
596,134130,4.0,1535709440,286217
596,134853,4.5,1535709490,150540
596,135143,3.5,1535627421,259316
596,135569,4.5,1535709626,188927
596,138036,4.5,1535709739,203801
596,139644,3.5,1535826710,273481
596,141749,3.5,1535828623,306819
596,142488,4.0,1535709525,314365
596,143355,4.5,1535709024,297762
596,149406,4.0,1535827378,140300
596,151557,2.5,1535829586,273899
596,152081,4.0,1535709488,269149
596,160438,3.5,1535709735,324668
596,162350,4.0,1535709670,333484
596,162600,3.5,1535827429,283366
596,165639,3.5,1535721423,413279
596,166528,5.0,1535627386,330459
596,167746,5.0,1535711673,324849
596,168252,5.0,1535627159,263115
596,168366,3.0,1535709223,321612
596,169984,3.5,1535709730,126889
596,176051,3.5,1535712663,460135
596,176101,2.5,1535709612,343668
596,177763,3.5,1535827432,392044
596,179401,4.0,1535709079,353486
596,179819,3.5,1535708663,181808
596,183635,3.5,1535709593,336843
596,184997,4.0,1535828629,449176
596,188301,4.0,1535709468,363088
598,130490,5.0,1430616732,262500
599,115713,3.5,1498528866,264660
599,117895,2.5,1498530435,294254
599,121231,3.5,1502116887,270303
599,122882,4.0,1498854698,76341
599,122886,3.5,1498528930,140607
599,122892,2.5,1498529314,99861
599,122900,2.5,1498529280,102899
599,122904,3.5,1519457935,293660
599,122916,3.0,1518199613,284053
599,122918,3.0,1502815765,283995
599,122920,2.5,1498529307,271110
599,122922,2.5,1498529192,284052
599,122924,2.5,1498529459,246655
599,128360,3.0,1498528806,273248
599,132424,1.0,1519147588,228205
599,134130,3.5,1498677020,286217
599,135569,3.0,1498524157,188927
599,136562,3.5,1498528721,321697
599,139644,3.0,1498778240,273481
599,139855,3.0,1498528891,291270
599,141866,3.0,1498528489,313922
599,142488,3.5,1498528944,314365
599,143245,3.0,1498519360,309809
599,143355,2.0,1506462658,297762
599,148626,3.0,1498629562,318846
599,158783,3.5,1498529062,290098
599,159061,3.0,1498528517,293670
599,161582,3.5,1498528983,338766
599,164179,3.0,1498529143,329865
599,164909,3.5,1498615618,313369
599,165549,3.5,1498762113,334541
599,166528,3.0,1517370757,330459
599,168248,3.0,1498529689,324552
599,168250,3.0,1498529627,419430
599,168252,3.5,1498529615,263115
599,168326,3.0,1514776747,416477
599,168492,3.0,1514777081,398818
599,168608,3.0,1516604751,414425
599,169670,1.5,1498529028,378018
599,169958,1.0,1498529010,367147
599,169984,2.5,1502815569,126889
599,171763,3.0,1499234894,339403
599,173291,3.0,1501800805,339964
599,174055,4.0,1501801164,374720
599,174727,3.0,1518199714,429200
599,175569,3.0,1514776958,395834
599,176371,3.5,1508605770,335984
599,176419,3.5,1516604655,381283
599,177615,2.5,1516604615,391713
599,178061,3.0,1516604819,389015
599,179053,3.5,1519179242,475759
599,179817,3.0,1516604716,399404
599,180031,3.5,1518298493,399055
599,180297,3.0,1516604804,371638
599,181315,3.5,1517370374,400617
601,122916,3.5,1521397630,284053
601,122918,4.0,1521467747,283995
601,134853,5.0,1521397599,150540
601,141846,4.0,1441639208,324308
601,152081,4.5,1521398260,269149
601,168326,4.0,1521397734,416477
601,170697,4.0,1521397626,400928
601,174055,4.0,1521397739,374720
601,176371,4.0,1521397623,335984
601,177765,4.5,1521397621,354912
610,111781,4.0,1493849614,177677
610,117529,3.5,1493846119,135397
610,119145,4.5,1493846044,207703
610,120466,3.5,1493845723,198184
610,121231,5.0,1493848188,270303
610,122882,5.0,1493845444,76341
610,122884,3.0,1493848465,280092
610,122886,4.5,1479544589,140607
610,122892,4.0,1479542606,99861
610,122900,3.5,1493846126,102899
610,122904,3.0,1493845981,293660
610,122920,5.0,1493845626,271110
610,122922,3.5,1493845751,284052
610,122924,3.5,1493845868,246655
610,127198,4.5,1494273068,308639
610,128360,4.5,1493847496,273248
610,128838,3.5,1493848037,201085
610,129313,4.0,1479543234,179150
610,129937,3.0,1493849305,241554
610,130634,4.5,1493846403,168259
610,132046,3.0,1493846961,158852
610,133771,4.5,1493849762,254320
610,133802,4.0,1493849992,223485
610,134130,3.5,1479543002,286217
610,134368,4.0,1493847587,238713
610,134853,3.5,1493845106,150540
610,135133,4.0,1493846237,131634
610,135534,3.5,1493848564,287903
610,135569,3.5,1493846966,188927
610,136016,3.5,1493846626,105864
610,136020,3.5,1493846863,206647
610,136598,2.5,1493847366,296099
610,137857,4.0,1493846975,278927
610,138036,3.5,1493846318,203801
610,138210,3.5,1493849856,300671
610,139385,4.5,1493846777,281957
610,139644,4.5,1493846253,273481
610,139655,3.0,1493848639,284303
610,140174,4.0,1493849625,264644
610,140247,3.5,1493849261,328425
610,140267,4.0,1493848268,310131
610,141408,3.5,1493848611,273477
610,142488,3.5,1493849575,314365
610,143385,4.0,1493849643,296098
610,144976,4.5,1493848418,294963
610,146309,4.0,1493850187,315465
610,148166,3.5,1479542224,339751
610,148626,4.0,1493847175,318846
610,149011,3.5,1493848843,279690
610,149406,3.5,1479542295,140300
610,150401,3.0,1479543210,325173
610,152077,4.0,1493845817,333371
610,152081,4.0,1493846503,269149
610,155064,3.5,1493848456,301365
610,156371,5.0,1479542831,295699
610,156726,4.5,1493848444,376570
610,157296,4.0,1493846563,127380
610,158238,5.0,1479545219,290250
610,159093,3.0,1493847704,291805
610,160571,3.0,1493848537,345911
610,161582,4.0,1493847759,338766
610,161634,4.0,1493848362,300669
610,162350,3.5,1493849971,333484
610,164179,5.0,1493845631,329865
610,166528,4.0,1493879365,330459
610,166534,4.0,1493848402,381288
610,168248,5.0,1493850091,324552
610,168250,5.0,1494273047,419430
610,168252,5.0,1493846352,263115
610,170875,3.0,1493846415,337339
